{"cameraMode":{"drawMode":0,"name":"Shaded","section":"Shading Mode"},"sceneLighting":true,"audioPlay":false,"sceneViewState":{"m_AlwaysRefresh":false,"showFog":true,"showSkybox":true,"showFlares":true,"showImageEffects":true,"showParticleSystems":true,"showVisualEffectGraphs":true,"m_FxEnabled":true},"in2DMode":false,"pivot":{"x":0.015964409336447717,"y":2.1702773571014406,"z":-2.152557849884033},"rotation":{"x":0.27822622656822207,"y":0.019793938845396043,"z":-0.00574500160291791,"w":0.9603263139724731},"size":0.7203509211540222,"orthographic":false}